id,name,sku,price,image_url,url,description,category_ids,last_updated,has_detailed_data
196,Clan Crest Plaid Brooch,sr_gaeli_clan_plaid_brooch,46.00,https://static.clan.com/media/catalog/product/cache/5/image/9df78eab33525d08d6e5fb8d27136e95/g/a/gaeli-sr_gaeli_clan_plaid_brooch_1.jpg,https://clan.com/clan-crest-plaid-brooch-2,"Made from pewter and gem stones there's no better accessory for a highland outfit, than this intricately engraved brooch.","[12, 18, 21, 26, 141, 238, 259, 262, 267, 300, 308, 309, 310]",2025-09-17 16:14:40.846588,f
753,Clan Crest Wall Plaque,sr_scres_plaque,69.00,https://static.clan.com/media/catalog/product/cache/5/image/9df78eab33525d08d6e5fb8d27136e95/s/c/scotweb-clan-crest-plaque--.jpg,https://clan.com/clan-crest-wall-plaque,Impress your visitors by proudly displaying your clan roots.,"[12, 18, 37, 39, 241, 245, 246, 247, 248, 249, 255, 259, 261, 267, 292, 300, 308, 309, 318, 325, 345]",2025-09-17 16:14:40.846588,f
183,Essential Tartan Stole,sr_esssw_tartan_stole_wool,72.00,https://static.clan.com/media/catalog/product/cache/5/image/9df78eab33525d08d6e5fb8d27136e95/e/s/esssw-sr_esssw_tartan_stole_wool_1.jpg,https://clan.com/essential-scotweb-tartan-stole,"Softly draped over the shoulders to accentuate fine beauty, a stole adds a sensuous and dramatic touch of elegance","[12, 16, 18, 21, 36, 239, 259, 264, 267, 271, 300, 308, 309, 311, 318]",2025-09-17 16:14:40.846588,f
6017,Essential Tartan Pocket Square,sr_ibuch_pocketsquare_single,11.00,https://static.clan.com/media/catalog/product/cache/5/image/9df78eab33525d08d6e5fb8d27136e95/s/c/scotweb----7_1.jpg,https://clan.com/tartan-pocket-square,"<p>These distinctive pocket squares are not to be sniffed at! Carry a little bit of Scotland wherever you go with these beautifully finished, tartan accessories.</p>","[12, 18, 100, 117, 238, 267, 308, 309, 310]",2025-09-17 15:34:53.74985,f
25942,Essential Tartan Tube Scarf,sr_prink_tartan_tube_scarf,23.00,https://static.clan.com/media/catalog/product/cache/5/image/9df78eab33525d08d6e5fb8d27136e95/c/r/cropped-image_4_.jpg,https://clan.com/tartan-tube-scarf,"We often say that Scottish weather brings you all four seasons in one day. This breathable tube scarf, available in your favourite tartan, will make sure you're prepared for all of them!","[12, 16, 18, 61, 100, 104, 238, 239, 267, 292, 298, 300, 307, 308, 309, 310, 311, 318, 338, 345, 346]",2025-09-17 15:34:53.74985,f
129716,Tartan Beach Towel,sr_prpfl_tartan_towel,59.00,https://static.clan.com/media/catalog/product/cache/5/image/9df78eab33525d08d6e5fb8d27136e95/b/e/beach_towel_5.jpg,https://clan.com/tartan-towel,Wrap yourself in tradition and comfort with a vibrant tartan towel,"[12, 18, 37, 82, 239, 241, 245, 249, 267, 298, 300, 308, 309, 310, 311, 325, 334, 337, 338, 345, 346]",2025-09-17 15:34:53.74985,f
129708,Clan Crest Flag,sr_prpfl_crest_flag,42.00,https://static.clan.com/media/catalog/product/cache/5/image/9df78eab33525d08d6e5fb8d27136e95/f/l/flag1.jpg,https://clan.com/clan-crest-flag,Add a touch of family heritage to your home a unique clan flag.,"[12, 18, 37, 39, 238, 239, 241, 245, 246, 248, 249, 256, 267, 292, 308, 309, 310, 325, 334, 338, 345]",2025-09-17 15:34:53.74985,f
129720,Tartan Throw Blanket,sw_prpfl_tartan_throw_blanket,59.00,https://static.clan.com/media/catalog/product/cache/5/image/9df78eab33525d08d6e5fb8d27136e95/t/a/tartanthrow4_1.jpg,https://clan.com/tartan-throw-blanket,"Add a touch of heritage to your home decor with our beautifully designed Tartan Throw Blanket, perfect for any season","[12, 18, 37, 82, 127, 158, 238, 239, 241, 245, 246, 247, 248, 249, 267, 292, 298, 300, 308, 309, 310, 311, 318, 325, 334, 338, 345, 346]",2025-09-17 15:34:53.74985,f
17923,Tartan Mug 11oz,sr_prink_tartan_mug,15.00,https://static.clan.com/media/catalog/product/cache/5/image/9df78eab33525d08d6e5fb8d27136e95/r/o/royal_stewart_mug.png,https://clan.com/tartan-mug,"High quality ceramic mug, made in the UK, in your tartan!","[12, 18, 37, 83, 169, 173, 238, 239, 247, 267, 292, 298, 300, 308, 309, 310, 311, 312, 325, 345]",2025-09-17 15:34:53.74985,f
372,Essential Mini Rosette Tartan Sash,sr_ibuch_SCSM26,16.00,https://static.clan.com/media/catalog/product/cache/5/image/9df78eab33525d08d6e5fb8d27136e95/e/s/essential_mini_rosette_tartan_sash.jpg,https://clan.com/economy-mini-rosette-tartan-sash,"Made in Scotland from lightweight wool, this mini rosette sash is fabulous for adding a bit of Celtic charm to any outfit.","[12, 16, 18, 21, 36, 62, 215, 259, 262, 264, 267, 300, 308, 309, 311, 318, 319]",2025-09-17 15:34:53.74985,f
120854,Tartan Car Mats ‑ Set of 2,sr_prtfn_car_mat,53.00,https://static.clan.com/media/catalog/product/cache/5/image/9df78eab33525d08d6e5fb8d27136e95/1/_/1_1.jpg,https://clan.com/tartan-car-mat-set-of-2,Add a touch of Scottish elegance to your car with our wide selection of tartans or design your own.,"[12, 18, 37, 82, 126, 238, 239, 241, 249, 267, 292, 298, 300, 308, 309, 310, 311, 319, 334, 345, 346]",2025-09-17 15:34:53.74985,f
742,Luxury Tartan Cufflinks,sr_ronnh_tartancufflinks,24.00,https://static.clan.com/media/catalog/product/cache/5/image/9df78eab33525d08d6e5fb8d27136e95/r/o/ronnh-sr_ronnh_tartancufflinks_1.jpg,https://clan.com/luxury-tartan-cuff-links,"Made to order in your own tartan, now you really can wear your heart on your sleeve","[12, 18, 19, 100, 110, 135, 183, 267, 300, 305, 308, 309, 310, 318]",2025-09-17 15:34:53.74985,f
106859,Clan Crest Mug ‑ Design Your Own,sr_prink_crest_mug,15.00,https://static.clan.com/media/catalog/product/cache/5/image/9df78eab33525d08d6e5fb8d27136e95/c/r/crestmug1.jpg,https://clan.com/clan-crest-mug,Let your creativity flow and craft a unique mug that exquisitely represents your families heritage.,"[12, 18, 37, 83, 169, 173, 239, 247, 267, 292, 308, 309, 310, 311, 312, 325, 334, 345]",2025-09-17 15:34:53.74985,f
797,Casual Kilt,sr_swhdr_fiveyardkilt_madetomeasure,287.00,https://static.clan.com/media/catalog/product/cache/5/image/9df78eab33525d08d6e5fb8d27136e95/s/w/swhdr-sr_swhdr_fiveyardkilt_madetomeasure_1.jpg,https://clan.com/casual-kilt,"This kilt fully authentic kilt boasts expert tailoring. With less material, it is perfect for social or sporting events. Pure New Wool.
","[12, 18, 21, 22, 223, 267, 300, 305, 308, 319]",2025-09-17 15:34:53.74985,f
375,Essential Tartan Shawl,sr_ibuch_SHAL30,100.00,https://static.clan.com/media/catalog/product/cache/5/image/9df78eab33525d08d6e5fb8d27136e95/i/b/ibuch-sr_ibuch_SHAL30_1.jpg,https://clan.com/tartan-shawl-in-spring-weight-worsted-wool,"Simple and striking, evoking grace, allure and femininity.  Suited to any occasion, nothing transforms an outfit like a simple shawl.","[12, 16, 18, 21, 36, 267, 274, 300, 308, 309, 311, 318, 346]",2025-09-17 15:34:53.74985,f
457,Classic Fine Wool Tartan Scarf,sr_lochc_arvsc_reiverscarf,44.00,https://static.clan.com/media/catalog/product/cache/5/image/9df78eab33525d08d6e5fb8d27136e95/s/c/scotweb-sr_lochc_arvsc_reiverscarf-royal_stewart_modern_-knot.jpg,https://clan.com/classic-fine-wool-tartan-scarf,"This pure wool scarf is a great mix of fashion and tradition. Made in your choice of tartans, this is one accessory that won't go out of style.","[12, 16, 18, 61, 100, 104, 267, 292, 300, 307, 308, 309, 311, 319, 336]",2025-09-17 15:34:53.74985,f
91,Clan Crest Kilt Pin,sr_artpw_kiltpin_ckp,23.00,https://static.clan.com/media/catalog/product/cache/5/image/9df78eab33525d08d6e5fb8d27136e95/a/r/artpw-sr_artpw_kiltpin_ckp_1.jpg,https://clan.com/clan-crest-kilt-pin,"This superb Clan Crest Kilt Pin is authentically designed and made in Scotland, to the highest historical standards","[12, 18, 21, 29, 193, 238, 248, 259, 263, 264, 267, 300, 308]",2025-09-17 15:34:53.74985,f
16574,Hand Fasting Tartan Ribbon,sr_ibuch_hand_fasting_tartan,15.00,https://static.clan.com/media/catalog/product/cache/5/image/9df78eab33525d08d6e5fb8d27136e95/s/c/scotweb-handfasting-front_1.jpg,https://clan.com/tartan-ribbon-pack-of-five-16574,Add a touch of Scottish heritage to your wedding celebration with our Tartan Ribbon. ,"[12, 18, 249, 259, 260, 267, 300]",2025-09-17 15:34:53.74985,f
93,Large Clan Crest Badge,sr_artpw_largebadge_cb,23.00,https://static.clan.com/media/catalog/product/cache/5/image/9df78eab33525d08d6e5fb8d27136e95/a/r/art_pewter_badge_enhanced_1.jpg,https://clan.com/large-clan-crest-badge,"This fine quality Large Clan Crest Badge is authentically designed and made in Scotland, to the highest historical standards","[12, 19, 21, 32, 93, 137, 267, 308]",2025-09-17 15:34:53.74985,f
6133,Made to Measure Gents Tartan Sports Jacket,sr_gaeli_mtm_tartans_sport_jacket,329.00,https://static.clan.com/media/catalog/product/cache/5/image/9df78eab33525d08d6e5fb8d27136e95/s/c/scotweb-sports-jacket-cunningham-modern-tartan-.jpg,https://clan.com/made-to-measure-men-s-tartan-sport-jacket,<p>Add to your wardrobe a personalised sport coat in your choice of tartan.</p>,"[12, 100, 101, 225, 267, 300, 305, 308]",2025-09-17 15:34:53.760161,f
1376,Classic Prince Charlie Kilt Outfit,sr_swhdr_standard_pc_outfit,29.99,https://static.clan.com/media/catalog/product/cache/5/image/9df78eab33525d08d6e5fb8d27136e95/s/r/sr_swhdr_standard_pc_outfit.jpg,https://clan.com/classic-prince-charlie-kilt-outfit,"The most popular formal package, this highly specified evening wear outfit includes everything needed from head to toe.","[12, 18, 21, 23, 219, 238, 259, 263, 264, 267, 300, 308, 318]",2025-09-17 15:15:31.694631,f
3482,Charles Rennie Mackintosh Drop Earrings ‑ E625,sr_ortak_E625,29.99,https://static.clan.com/media/catalog/product/cache/5/image/9df78eab33525d08d6e5fb8d27136e95/o/r/ortak-sr_ortak_E625_1.jpg,https://clan.com/charles-rennie-mackintosh-drop-earrings-e625,"<p>These stunning drop earrings are crafted in Sterling Silver and influenced by the work of architect, designer and artist Charles Rennie Mackintosh (1868-1928).</p>","[12, 18, 19, 94, 231, 239, 267, 308]",2025-09-17 15:15:31.694631,f
6057,Essential Prince Charlie Trews Outfit,sr_esssw_essential_pc_trews_outfit,29.99,https://static.clan.com/media/catalog/product/cache/5/image/9df78eab33525d08d6e5fb8d27136e95/s/r/sr_esssw_essential_pc_trews_outfit.jpg,https://clan.com/essential-scotweb-prince-charlie-trews-outfit,Formal highland wear needn't mean a kilt! Pickup this superb quality trews outfit - astonishing value and Made in Scotland!,"[12, 21, 267, 288, 289, 300, 308, 318]",2025-09-17 15:15:31.694631,f
6265,Thistle Torc Bangle,sr_aewil_TB03,29.99,https://static.clan.com/media/catalog/product/cache/5/image/9df78eab33525d08d6e5fb8d27136e95/a/e/aewil-sr_aewil_TB03_1.jpg,https://clan.com/thistle-torc-bangle,<p>A bold pewter Torc Bangle with a Thistle design.</p>,"[12, 19, 95, 237, 267]",2025-09-17 15:15:31.694631,f
182,Essential Tartan Sash,sr_esssw_tartan_sash_wool,43.00,https://static.clan.com/media/catalog/product/e/s/essentials.jpg,https://clan.com/essential-scotweb-tartan-sash,A lightweight tartan sash that will add a touch of sophistication to any evening outfit,"[12, 16, 18, 21, 36, 62, 215, 239, 259, 262, 264, 267, 300, 308, 309, 311, 318, 319]",2025-09-17 15:34:53.74985,f
94,Clan Crest Pendant with chain,sr_artpw_pendant_ccp,23.00,https://static.clan.com/media/catalog/product/cache/5/image/9df78eab33525d08d6e5fb8d27136e95/a/r/artpw-sr_artpw_pendant_ccp_1.jpg,https://clan.com/clan-crest-pendant,"Feel the pride with our pendants with stones like this superb Clan Crest Pendant. Authentically designed and made in Scotland, to the highest historical standards
","[12, 18, 19, 92, 233, 238, 248, 267, 292, 308]",2025-09-17 15:34:53.74985,f
198,Classic Clan Crest Sgian Dubh,sr_gaeli_clan_sd3,85.00,https://static.clan.com/media/catalog/product/cache/5/image/9df78eab33525d08d6e5fb8d27136e95/c/l/clancrestsgiandubhgaelic3.jpeg,https://clan.com/classic-clan-crest-sgian-dubh,The Classic Clan Crest Sgian Dubh is available in a choice of stone colours and for all recognised clans to provide a truly personal accessory.,"[12, 18, 21, 28, 216, 238, 259, 263, 264, 267, 300, 308, 309, 310]",2025-09-17 15:34:53.74985,f
339,Merino Rannoch Luxury Country Socks,sr_houch_ladies_rannoch,60.00,https://static.clan.com/media/catalog/product/cache/5/image/9df78eab33525d08d6e5fb8d27136e95/h/o/houch-sr_houch_ladies_rannoch_1.jpg,https://clan.com/merino-rannoch-luxury-country-socks,We love the bright colours of this range of luxury 'Rannoch' country socks.,"[12, 16, 53, 267, 300, 308, 318]",2025-09-17 15:34:53.74985,f
348,Luxury Tartan Flat Cap,sr_ibuch_cmt_hwca44,65.00,https://static.clan.com/media/catalog/product/cache/5/image/9df78eab33525d08d6e5fb8d27136e95/i/b/ibuch-sr_ibuch_cmt_hwca44_m_1.jpg,https://clan.com/luxury-tartan-flat-cap,Look dapper and stay warm in this cool gents flat cap!,"[12, 100, 109, 207, 267, 300, 305, 308, 346]",2025-09-17 15:34:53.74985,f
355,Tartan Wool Braces,sr_ibuch_CUBR62,44.00,https://static.clan.com/media/catalog/product/cache/5/image/9df78eab33525d08d6e5fb8d27136e95/i/b/ibuch-sr_ibuch_CUBR62_1.jpg,https://clan.com/tartan-wool-braces,Brace yourself!  Our tartan braces (or Suspenders to our American friends) will make quite an impact!,"[12, 18, 100, 116, 124, 238, 267, 308, 309, 310]",2025-09-17 15:34:53.74985,f
387,Tartan Wedding Garter,sr_ibuch_tgg001_garter,20.00,https://static.clan.com/media/catalog/product/cache/5/image/9df78eab33525d08d6e5fb8d27136e95/g/a/garter_2_34_1.jpg,https://clan.com/wool-tartan-garter,"Thought to bring luck or fortune, bridal garters are said to be one of the oldest wedding traditions still around. ","[12, 16, 18, 57, 249, 259, 262, 267, 300, 308]",2025-09-17 15:34:53.74985,f
431,Gents Luxury Scottish Cashmere Gloves,sr_johns_HAD01001_m,69.00,https://static.clan.com/media/catalog/product/cache/5/image/9df78eab33525d08d6e5fb8d27136e95/s/c/scotweb-navy-jersey-glove.jpg,https://clan.com/mens-knitted-gloves,"<li><strong>Made in Scotland</strong></li> 
Slip your fingers into the most soft and charming gloves this season with our 100% cashmere gloves","[12, 18, 100, 105, 238, 267, 300, 308, 309, 310, 317]",2025-09-17 15:34:53.74985,f
432,Ladies Luxury Scottish Cashmere Gloves With Short Cuff,sr_johns_HAD3226_gloves,69.00,https://static.clan.com/media/catalog/product/cache/5/image/9df78eab33525d08d6e5fb8d27136e95/n/a/natural-sized.jpg,https://clan.com/ladies-glove-short-cuff,"These beauties from Johnstons of Elgin are chic, cosy and super soft.","[12, 16, 18, 99, 239, 267, 300, 308, 309, 311, 317]",2025-09-17 15:34:53.74985,f
467,Classic Tartan Tam,sr_lochc_htrvx,62.00,https://static.clan.com/media/catalog/product/cache/5/image/9df78eab33525d08d6e5fb8d27136e95/l/o/lochc-sr_lochc_htrvx_1.jpg,https://clan.com/classic-tartan-tam-467,"Traditional but cool, funky and warm - brighten up your day with this great cosy tam!","[12, 16, 54, 267, 308]",2025-09-17 15:34:53.74985,f
469,Classic Tartan Cummerbund,sr_lochc_kcmb,91.00,https://static.clan.com/media/catalog/product/cache/5/image/9df78eab33525d08d6e5fb8d27136e95/l/o/lochc-sr_lochc_kcmb_4.jpg,https://clan.com/classic-tartan-cummerbund,"To make a notable formal entrance, accept no substitutes.","[12, 100, 111, 267, 308]",2025-09-17 15:34:53.74985,f
562,Standard White Shirt,sr_mmcon_plaincollarshirt,30.00,https://static.clan.com/media/catalog/product/cache/5/image/9df78eab33525d08d6e5fb8d27136e95/m/m/mmcon-sr_mmcon_plaincollarshirt_1.jpg,https://clan.com/standard-white-shirt,Classic styling with a traditional collar this shirt is perfect for a variety of outfits and is the perfect mix of fibres for comfort and easy care.,"[12, 100, 106, 267]",2025-09-17 15:34:53.74985,f
733,Hamish the Teddy Bear,sr_ronnh_hamish,44.00,https://static.clan.com/media/catalog/product/cache/5/image/9df78eab33525d08d6e5fb8d27136e95/h/a/hamish-bear.jpg,https://clan.com/hamish-the-teddy-bear,This beautifully made Hamish teddy is available in range of tartans - a super cute way to show off your family's heritage!,"[12, 18, 20, 37, 86, 87, 240, 242, 259, 261, 265, 267, 292, 300, 305, 308, 309, 312, 326]",2025-09-17 15:34:53.74985,f
8125,"Luxury Tartan Three Piece Suit, Made‑to‑Measure",sr_dcdal_tartan_three_piece_suit_mm,1044.00,https://static.clan.com/media/catalog/product/cache/5/image/9df78eab33525d08d6e5fb8d27136e95/t/a/tartanmill-suit-tailored-3-piece-men-1.jpg,https://clan.com/luxury-tartan-three-piece-suit-made-to-measure,"A classic, made-to-measure luxury three-piece suit is the epitome of elegance and sophistication, tailored to fit you perfectly.","[12, 100, 114, 267, 300, 308, 318]",2025-09-17 15:34:53.760161,f
815,"Classic Mini Kilt, tartan",sr_swhdr_minikilt,197.00,https://static.clan.com/media/catalog/product/cache/5/image/9df78eab33525d08d6e5fb8d27136e95/s/w/swhdr-sr_swhdr_minikilt_2.jpg,https://clan.com/classic-mini-kilt-tartan,"Classic design, expertly made to measure for you in Scotland, in any fabric of your choice.","[12, 16, 64, 267, 300, 305, 308, 346]",2025-09-17 15:34:53.760161,f
828,Classic Prince Charlie Jacket and Vest,sr_swhdr_princecharlieblack,495.00,https://static.clan.com/media/catalog/product/cache/5/image/9df78eab33525d08d6e5fb8d27136e95/s/w/swhdr-sr_swhdr_princecharlieblack_1.jpg,https://clan.com/classic-prince-charlie-jacket-and-vest,"<li><strong>Made in Scotland</strong></li>
Suitable for formal occasions, this jacket offers traditional style.","[12, 21, 24, 146, 267, 308]",2025-09-17 15:34:53.760161,f
838,Luxury Tartan Flashes,sr_swhdr_tartan_flashes_individual,32.00,https://static.clan.com/media/catalog/product/cache/5/image/9df78eab33525d08d6e5fb8d27136e95/s/w/swhdr-sr_swhdr_tartan_flashes_individual_1.jpg,https://clan.com/luxury-tartan-flashes,Add flair to functionality with these pure wool flashes - made in the same tartan as any kilt. ,"[12, 18, 21, 31, 238, 267, 300, 305, 308]",2025-09-17 15:34:53.760161,f
840,Fishtail Back Tartan Trews,sr_swhdr_tartan_trews,185.00,https://static.clan.com/media/catalog/product/cache/5/image/9df78eab33525d08d6e5fb8d27136e95/s/w/swhdr-sr_swhdr_tartan_trews_1.jpg,https://clan.com/military-style-fishtail-back-tartan-trews,"Made in Scotland. These trews looks superb with a Prince Charlie jacket and vest, and are made to measure in any tartan of your choice.","[12, 21, 35, 100, 102, 174, 259, 263, 264, 267, 300, 305, 308]",2025-09-17 15:34:53.760161,f
997,Classic Clan Crest Semi‑Dress Sporran,sr_wscot_semi_dress_clan,145.00,https://static.clan.com/media/catalog/product/cache/5/image/9df78eab33525d08d6e5fb8d27136e95/w/s/wscot-sr_wscot_semi_dress_clan_1.jpg,https://clan.com/clan-crest-semi-dress-sporran,"For complete versatility there's nothing better than a semi-dress sporran, choose your Clan Crest for a personalised accessory.","[12, 18, 21, 25, 191, 259, 264, 267, 300, 308, 309, 310]",2025-09-17 15:34:53.760161,f
3929,Luckenbooth Charm ‑ C166,sr_ortak_C166,16.00,https://static.clan.com/media/catalog/product/cache/5/image/9df78eab33525d08d6e5fb8d27136e95/o/r/ortak-sr_ortak_C166_1.jpg,https://clan.com/luckenbooth-charm-c166,<p>This stylish charm shows the Luckenbooth heart which has been used since the 16th Century. The name comes from the locking booths or small shops - a feature of Edinburgh's Royal Mile.</p>,"[12, 18, 19, 96, 246, 249, 267, 308, 319]",2025-09-17 15:34:53.760161,f
7558,Clan Crest Quartz Pocket Watch,sr_artpw_PW1_CL,33.00,https://static.clan.com/media/catalog/product/cache/5/image/9df78eab33525d08d6e5fb8d27136e95/a/r/artpw-sr_artpw_PW1_CL_1.jpg,https://clan.com/clan-crest-quartz-pocket-watch,"<p>A thoughtful gift, this quartz pocket watch is intricately engraved with your clan crest.</p>","[12, 18, 19, 90, 267, 284, 309, 310]",2025-09-17 15:34:53.760161,f
7911,Small Clan Crest Reverse Seal Ring,sr_celtc_scottish_round_crest_ring_reverse_F50R,220.00,https://static.clan.com/media/catalog/product/cache/5/image/9df78eab33525d08d6e5fb8d27136e95/t/a/tartanmill-small-clan-crest-reverse-seal-ring-a.jpg,https://clan.com/small-clan-crest-reverse-seal-ring,Skilled craftsmen in Dublin make each of these beautiful clan crest seal rings to order.,"[12, 18, 19, 91, 238, 239, 246, 267]",2025-09-17 15:34:53.760161,f
65,Clan Crest Cufflinks,sr_artpw_cufflinks_ccl,23.00,https://static.clan.com/media/catalog/product/cache/5/image/9df78eab33525d08d6e5fb8d27136e95/a/r/artpw-sr_artpw_cufflinks_ccl_1.jpg,https://clan.com/clan-crest-cuff-links,"Expertly crafted, these elegant cuff links are plated with practical Palladium to make them non-tarnish and non-scratch ensuring that they're a quality buy. ","[12, 18, 19, 100, 110, 135, 183, 238, 259, 263, 267, 300, 308, 309, 310]",2025-09-17 15:34:53.760161,f
68,Clan Crest Key Fob,sr_artpw_keyfob_ckf,23.00,https://static.clan.com/media/catalog/product/cache/5/image/9df78eab33525d08d6e5fb8d27136e95/s/c/scotweb-clan-crest-key-fob--main.jpg,https://clan.com/clan-crest-key-fob,"This keyring is authentically designed and made in Scotland, to the highest historical standards","[12, 18, 19, 160, 238, 267, 308]",2025-09-17 15:34:53.760161,f
97,Luxury Clan Crest Plaid Brooch,sr_artpw_plaidbrooch_211b,85.00,https://static.clan.com/media/catalog/product/cache/5/image/9df78eab33525d08d6e5fb8d27136e95/a/r/artpw-sr_artpw_plaidbrooch_211b_1.jpg,https://clan.com/clan-crest-plaid-brooch,This exquisite Clan Crest Plaid Brooch is authentically designed and made in Scotland.,"[12, 21, 26, 141, 267, 308]",2025-09-17 15:34:53.760161,f
99,Luxury Clan Crest Sgian Dubh,sr_artpw_sgiandubh_sd_dc,116.00,https://static.clan.com/media/catalog/product/cache/5/image/9df78eab33525d08d6e5fb8d27136e95/a/r/artpw-sr_artpw_sgiandubh_22_sd_dc_1.jpg,https://clan.com/luxury-clan-crest-sgian-dubh,This expertly crafted Fancy Clan Crest Sgian Dubh with Stone Top is authentically designed and made in Scotland.,"[12, 18, 21, 28, 216, 238, 259, 263, 264, 267, 300, 308]",2025-09-17 15:34:53.760161,f
101,Small Clan Crest Badge,sr_artpw_smallbadge_cb_sm,23.00,https://static.clan.com/media/catalog/product/cache/5/image/9df78eab33525d08d6e5fb8d27136e95/a/r/artpw-sr_artpw_smallbadge_cb_sm_1.jpg,https://clan.com/small-clan-crest-badge,"This exquisite Small Clan Crest Badge is authentically designed and made in Scotland, to the highest historical standards","[12, 19, 21, 32, 93, 137, 267, 308]",2025-09-17 15:34:53.760161,f
180,Essential Fishtail Trews,sr_esssw_essential_tartan_trews,215.00,https://static.clan.com/media/catalog/product/cache/5/image/9df78eab33525d08d6e5fb8d27136e95/e/s/esssw-sr_esssw_essential_tartan_trews_1.jpg,https://clan.com/essential-scotweb-fishtail-trews,"Made in Scotland. These trews looks superb with a Prince Charlie jacket and vest, made in a tartan of your choice.","[12, 21, 35, 100, 102, 174, 259, 263, 267, 300, 305, 308]",2025-09-17 15:34:53.760161,f
4464,Twist and Shout Bracelet ‑ BL485,sr_ortak_BL485,29.99,https://static.clan.com/media/catalog/product/cache/5/image/9df78eab33525d08d6e5fb8d27136e95/o/r/ortak-sr_ortak_BL485_1.jpg,https://clan.com/twist-and-shout-bracelet-bl485,<p>This stunning bracelet comprises of 8 identical twist links all crafted from highly polished sterling silver.</p>,"[12, 19, 95, 236, 267, 308]",2025-09-17 15:15:31.705833,f
185,Essential Jacobite Shirt,sr_esssw_whitepcjacshirt,52.00,https://static.clan.com/media/catalog/product/cache/5/image/9df78eab33525d08d6e5fb8d27136e95/e/s/esssw-sr_esssw_whitepcjacshirt_1.jpg,https://clan.com/essential-scotweb-jacobite-shirt-2,Simple and authentically irresitable this jacobite shirt is the perfect blend of fibres for comfort and easy care. ,"[12, 100, 106, 267]",2025-09-17 15:34:53.760161,f
310,Luxury Solid Colour Flashes,sr_hedga_flashes_assorted,35.00,https://static.clan.com/media/catalog/product/cache/5/image/9df78eab33525d08d6e5fb8d27136e95/h/e/hedga-sr_hedga_flashes_assorted_1.jpg,https://clan.com/solid-colour-flashes,Striking chevron-cut flashes in a range of colours to complement any tartan,"[12, 21, 31, 267, 308]",2025-09-17 15:34:53.760161,f
350,Luxury Tartan Tam,sr_ibuch_cmt_hwtt41,56.00,https://static.clan.com/media/catalog/product/cache/5/image/9df78eab33525d08d6e5fb8d27136e95/i/b/ibuch-sr_ibuch_cmt_hwtt41_m_1.jpg,https://clan.com/luxury-tartan-tam,"Jaunty, snug and super warm, this tam o' shanter hat is great take on the classic highland hat. ","[12, 16, 54, 100, 109, 210, 267, 300, 305, 308]",2025-09-17 15:34:53.760161,f
353,Classic Tartan Waistcoat,sr_ibuch_cmt_tgws83_mens,164.00,https://static.clan.com/media/catalog/product/cache/5/image/9df78eab33525d08d6e5fb8d27136e95/f/r/frontedited.png,https://clan.com/classic-tartan-waistcoat,"<p><strong>Made in Scotland</strong></p>
<p>In a range of standard sizes, in thousands of fabrics, this dapper gent's tartan wool waistcoat is a real dress focal point - wear with formal or casual outfits.</p>","[12, 100, 107, 267, 300, 305, 308]",2025-09-17 15:34:53.760161,f
356,Essential Tartan Cummerbund,sr_ibuch_CUM066,49.00,https://static.clan.com/media/catalog/product/cache/5/image/9df78eab33525d08d6e5fb8d27136e95/i/b/ibuch-sr_ibuch_CUM066_1.jpg,https://clan.com/tartan-cummerbund-in-springweight-wool,"Made from top quality worsted wool, this cummerbund is the perfect finishing touch to your formal highland outfit.","[12, 100, 111, 267, 308]",2025-09-17 15:34:53.760161,f
357,Essential Cummerbund & Bow Tie Set,sr_ibuch_CUMB68,75.00,https://static.clan.com/media/catalog/product/cache/5/image/9df78eab33525d08d6e5fb8d27136e95/i/b/ibuch-sr_ibuch_CUMB68_1.jpg,https://clan.com/cummerbund-bow-tie-set-in-springweight-tartan-wool,Add these to any highland dress outfit for instant standing and prestige!,"[12, 18, 34, 100, 108, 111, 129, 238, 267, 308, 309, 310, 319]",2025-09-17 15:34:53.760161,f
389,Tartan Scrunchie,sr_ibuch_TGSC87,7.00,https://static.clan.com/media/catalog/product/cache/5/image/9df78eab33525d08d6e5fb8d27136e95/i/b/ibuch-sr_ibuch_TGSC87_1.jpg,https://clan.com/worsted-wool-tartan-scrunchie,An excellent Celtic accessory to make every day a good hair day!,"[12, 16, 18, 20, 48, 49, 54, 240, 267, 292, 308, 309, 312]",2025-09-17 15:34:53.760161,f
481,Classic Tartan Sash,sr_lochc_tartan_sash,70.00,https://static.clan.com/media/catalog/product/cache/5/image/9df78eab33525d08d6e5fb8d27136e95/c/l/classicsash1_1.jpg,https://clan.com/classic-tartan-sash,Made in Scotland. This lightweight wool tartan sash adds a touch of panache to any formal outfit,"[12, 16, 18, 21, 36, 62, 215, 259, 262, 267, 300, 308, 318, 319]",2025-09-17 15:34:53.760161,f
683,Celtic Banded Pewter Quaich,sr_quaic_43C,44.00,https://static.clan.com/media/catalog/product/cache/5/image/9df78eab33525d08d6e5fb8d27136e95/q/u/quaic-sr_quaic_43C_1.jpg,https://clan.com/celtic-banded-pewter-quaich,It's easy to see why this is our top selling quaich. The elaborate Celtic engraving on the handles is the perfect finish to this top quality pewter cup.,"[12, 18, 37, 83, 170, 249, 259, 260, 265, 267, 300]",2025-09-17 15:34:53.760161,f
722,Luxury Tartan Wool Braces,sr_ronnh_cmt_braces_wool,49.00,https://static.clan.com/media/catalog/product/cache/5/image/9df78eab33525d08d6e5fb8d27136e95/r/o/ronnh-sr_ronnh_cmt_braces_wool_1.jpg,https://clan.com/luxury-tartan-wool-braces,<li><strong>Made in Scotland</strong></li>These wool tartan braces are the perfect accessory for your suit. Available in your choice of tartan.,"[12, 100, 116, 124, 267, 300, 305, 308]",2025-09-17 15:34:53.760161,f
724,Girls Luxury Tartan Sash,sr_ronnh_cmt_girls_sash,29.00,https://static.clan.com/media/catalog/product/cache/5/image/9df78eab33525d08d6e5fb8d27136e95/r/o/ronnh-sr_ronnh_cmt_girls_sash_1.jpg,https://clan.com/girls-luxury-tartan-sash,Add some Celtic elegance to your little girl's outfit with this gorgeous sash in our world-leading range of rare tartans. Also available for adults!,"[12, 18, 20, 49, 240, 259, 264, 267, 300, 305, 308]",2025-09-17 15:34:53.760161,f
734,Angus the Highland Bear,sr_ronnh_hghlnd_bear,52.00,https://static.clan.com/media/catalog/product/cache/5/image/9df78eab33525d08d6e5fb8d27136e95/a/n/angus-bear_2.jpg,https://clan.com/angus-the-highland-bear,"Angus the Highland bear, resplendent in full highland dress, is a proudly Scottish toy that's completely irresistible. ","[12, 18, 20, 37, 86, 87, 240, 242, 259, 261, 265, 267, 292, 300, 305, 308, 309, 312, 326]",2025-09-17 15:34:53.760161,f
772,Classic Argyll Jacket,sr_swhdr_argyllblack,399.00,https://static.clan.com/media/catalog/product/cache/5/image/9df78eab33525d08d6e5fb8d27136e95/s/w/swhdr-sr_swhdr_argyllblack_1.jpg,https://clan.com/classic-argyll-jacket,The Classic Argyll Jacket is tailored in Scotland to ensure it is properly styled and beautifully made.,"[12, 21, 24, 146, 267, 308]",2025-09-17 15:34:53.760161,f
841,"Tartan Trousers, made‑to‑measure",sr_swhdr_tartan_trousers_mm,235.00,https://static.clan.com/media/catalog/product/cache/5/image/9df78eab33525d08d6e5fb8d27136e95/s/w/swhdr-sr_swhdr_tartan_trousers_mm_2.jpg,https://clan.com/tartan-trousers-made-to-measure,These made to measure tartan trousers look fabulous with a casual sweater for weekend wear.  They are also perfect for the golf course.,"[12, 100, 102, 176, 267, 300, 305, 308]",2025-09-17 15:34:53.760161,f
847,Boy's Kilt,sr_swhdr_weemannumber2,150.00,https://static.clan.com/media/catalog/product/cache/5/image/9df78eab33525d08d6e5fb8d27136e95/s/w/swhdr-sr_swhdr_weemannumber2_1.jpg,https://clan.com/boy-s-kilt,"This traditional kilt is simply a scaled down version of our classic Balmoral 8 yard kilt, and can be made in the same range of tartans.","[12, 18, 20, 50, 240, 259, 264, 267, 300, 305, 308, 309, 312]",2025-09-17 15:34:53.760161,f
913,"Luxury Scottish Cashmere Sweater, Roll Neck",sr_wilkn_charlotte_roll_col,299.00,https://static.clan.com/media/catalog/product/cache/5/image/9df78eab33525d08d6e5fb8d27136e95/w/i/wilkn-sr_wilkn_charlotte_roll_col_12.jpg,https://clan.com/luxury-cashmere-sweater-charlotte-roll-collar,"Gorgeous and cosy, this soft delicate cashmere jumper will keep you warm through the winter months. ","[12, 16, 18, 63, 239, 267, 295, 300, 303, 308, 309, 311, 317, 319, 336, 346]",2025-09-17 15:34:53.760161,f
919,"Luxury Scottish Cashmere Sweater, V‑Neck",sr_wilkn_melrose_vn,315.00,https://static.clan.com/media/catalog/product/cache/5/image/9df78eab33525d08d6e5fb8d27136e95/w/i/wilkn-sr_wilkn_melrose_vn_1.jpg,https://clan.com/luxury-v-neck-cashmere-sweater,Comfort woven in style to create a classic that suits every lifestyle. ,"[12, 18, 100, 103, 227, 267, 295, 300, 302, 308, 317, 319, 336, 346]",2025-09-17 15:34:53.760161,f
925,"Classic Kilt Belt, adjustable",sr_wscot_belt_adjustable_velco,25.00,https://static.clan.com/media/catalog/product/cache/5/image/9df78eab33525d08d6e5fb8d27136e95/w/s/wscot-sr_wscot_belt_adjustable_velco_2.jpg,https://clan.com/classic-kilt-belt-adjustable,"Simple, yet stylish, this plain leather belt has a comfortable Velcro closure.","[12, 21, 27, 121, 267, 308]",2025-09-17 15:34:53.760161,f
7910,Clan Crest Reverse Seal Ring,sr_celtc_scottish_round_crest_ring_reverse_F52R,233.00,https://static.clan.com/media/catalog/product/cache/5/image/9df78eab33525d08d6e5fb8d27136e95/t/a/tartanmill-clan-crest-reverse-seal-ring-a.jpg,https://clan.com/clan-crest-reverse-seal-ring,The crests on these rings have been made in reverse so that they can be used to create wax seals.,"[12, 18, 19, 91, 238, 239, 246, 267]",2025-09-17 15:34:53.760161,f
9796,Classic Tweed Jacket,sr_brook_3110,194.00,https://static.clan.com/media/catalog/product/cache/5/image/9df78eab33525d08d6e5fb8d27136e95/s/c/scotweb-classic_helsinki_jacket_421.jpg,https://clan.com/classic-tweed-jacket,"This classic tweed jacket will go with almost any outfit for a smart, stylish look.","[12, 100, 101, 225, 267, 296, 300, 308, 336]",2025-09-17 15:34:53.760161,f
76352,Tartan Tam Purse,sr_lochc_tam_purse_gs_11,19.00,https://static.clan.com/media/catalog/product/cache/5/image/9df78eab33525d08d6e5fb8d27136e95/g/s/gs-11-bcb-b-buchanan-blue-tam-purse-side-2019-72dpi-rgb.jpg,https://clan.com/tartan-tam-purse,A traditional Scottish keepsake or a timeless classic to add to your collection.,"[12, 16, 18, 58, 239, 267, 308, 309, 311, 314]",2025-09-17 15:34:53.760161,f
97699,Double Clan Crest Wall Plaque,sr_scres_double_plaque,128.00,https://static.clan.com/media/catalog/product/cache/5/image/9df78eab33525d08d6e5fb8d27136e95/w/e/wedding-plaque1.jpg,https://clan.com/double-clan-crest-wall-plaque,Impress your visitors by proudly displaying your clan roots.,"[12, 18, 37, 39, 241, 245, 246, 247, 249, 255, 259, 261, 267, 292, 300, 308, 309, 318, 319, 325, 334, 345]",2025-09-17 15:34:53.760161,f
108975,Handmade Tartan Dog Collar,sr_dadog_tartan_collar,19.00,https://static.clan.com/media/catalog/product/cache/5/image/9df78eab33525d08d6e5fb8d27136e95/i/m/img_9856-edited.jpg,https://clan.com/handmade-tartan-dog-collar,Handmade tartan collar for your four-legged friend so they look the best in the park!,"[12, 18, 37, 80, 241, 243, 267, 300, 308, 309, 310, 311, 334, 338, 346]",2025-09-17 15:34:53.760161,f
148784,Essential Daywear Sporran,sr_esssw_ess_day_sporran_8gs,60.00,https://static.clan.com/media/catalog/product/cache/5/image/9df78eab33525d08d6e5fb8d27136e95/e/s/esssw-sr_esssw_essential_sporran_8gs_1_1.jpg,https://clan.com/essential-daywear-sporran,"Simple, understated and timeless, this daywear sporran is a great place to stash your essentials.","[12, 18, 21, 25, 192, 238, 259, 263, 264, 267, 300, 308]",2025-09-17 15:34:53.760161,f
153710,Essential Ghillie Brogues,sr_strut_essential_eco,79.00,https://static.clan.com/media/catalog/product/cache/5/image/9df78eab33525d08d6e5fb8d27136e95/7/0/7051_economy_ghillie_4.jpg,https://clan.com/essential-ghillie-brogues,These traditional Ghillie brogue shoes are a crucial part of any highland outfit. The superb quality of these shoes and great value will make theses the most comfortable and stylish shoes you'll ever wear.,"[12, 18, 21, 100, 112, 120, 186, 202, 238, 267]",2025-09-17 15:34:53.760161,f
174,Essential Prince Charlie Jacket and Vest,sr_esssw_essential_pc_jacket,399.00,https://static.clan.com/media/catalog/product/cache/5/image/9df78eab33525d08d6e5fb8d27136e95/e/s/esssw-sr_esssw_essential_pc_jacket_4.jpg,https://clan.com/essential-scotweb-prince-charlie-jacket,Made in Scotland by skilled craftsmen this Prince Charlie jacket and vest is perfect for formal occasions.,"[12, 21, 24, 146, 267, 308]",2025-09-17 15:34:53.760161,f
193,Clan Crest Belt Buckle,sr_gaeli_clan_crest_buckle,52.00,https://static.clan.com/media/catalog/product/cache/5/image/9df78eab33525d08d6e5fb8d27136e95/g/a/gaeli-sr_gaeli_clan_crest_buckle_1.jpg,https://clan.com/clan-crest-belt-buckle,"This Clan Crest Belt Buckle is available in a wide range of Clan names, made from pewter and leather, and is the ultimate highland accessory.","[12, 18, 21, 27, 122, 267, 308, 309, 310]",2025-09-17 15:34:53.760161,f
206,Irish Clan Crest Kilt Pin,sr_gaeli_irish_clan_kilt_pin,22.00,https://static.clan.com/media/catalog/product/cache/5/image/9df78eab33525d08d6e5fb8d27136e95/g/a/gaeli-sr_gaeli_irish_clan_kilt_pin_1.jpg,https://clan.com/irish-clan-crest-kilt-pin,Celebrate Irish heritage with this charming Irish Clan pin.,"[12, 18, 21, 29, 193, 238, 259, 264, 267, 298, 300, 308]",2025-09-17 15:34:53.760161,f
232,The Officer Clan Crest Sgian Dubh,sr_gaeli_the_officer_clan,119.00,https://static.clan.com/media/catalog/product/cache/5/image/9df78eab33525d08d6e5fb8d27136e95/s/g/sgian_dubh4.jpeg,https://clan.com/the-officer-clan-crest-sgian-dubh,"Made in Scotland by expert craftsmen, this ""Officer"" Sgian dubh comes in any clan crest.","[12, 18, 21, 28, 217, 259, 263, 264, 267, 300, 308, 309, 310]",2025-09-17 15:34:53.760161,f
359,Tartan Peak Baseball Cap,sr_ibuch_HWBA50,44.00,https://static.clan.com/media/catalog/product/cache/5/image/9df78eab33525d08d6e5fb8d27136e95/i/b/ibuch-sr_ibuch_HWBA50_1.jpg,https://clan.com/worsted-wool-tartan-peak-baseball-cap,A great way to wear your tartan in the summer and fun gift for those outdoorsy types.,"[12, 16, 54, 100, 109, 211, 267, 300, 308, 346]",2025-09-17 15:34:53.760161,f
7547,Celtic Knot Cufflinks,sr_artpw_114,29.99,https://static.clan.com/media/catalog/product/cache/5/image/9df78eab33525d08d6e5fb8d27136e95/a/r/artpw-sr_artpw_114_1.jpg,https://clan.com/celtic-knot-cuff-links,<p>Add a Scottish finishing touch to your outfit with these Celtic Knot design cufflinks.</p>,"[12, 19, 100, 110, 135, 183, 267]",2025-09-17 15:15:31.705833,f
184,Essential Gent's Tartan Waistcoat,sr_esssw_tartan_waistcoat_tgw83,173.00,https://static.clan.com/media/catalog/product/cache/5/image/9df78eab33525d08d6e5fb8d27136e95/e/s/esssw-sr_esssw_tartan_waistcoat_tgw83_1.jpg,https://clan.com/essential-scotweb-tartan-waistcoat,"This great quality tartan waistcoat is made to order for you, available in over 400 tartans.","[12, 100, 107, 267, 308]",2025-09-17 15:34:53.74985,f
471,Classic Solid Colour Flashes,sr_lochc_kgfd_flashes,24.00,https://static.clan.com/media/catalog/product/cache/5/image/9df78eab33525d08d6e5fb8d27136e95/k/g/kgfd-b-ancient-red-garter-flashes-2017-overlap-72dpi-rgb-opt.jpg,https://clan.com/luxury-solid-colour-flashes,These excellent flashes come in a huge range of colours.,"[12, 21, 31, 267, 308]",2025-09-17 15:34:53.760161,f
484,"Classic Tartan Tie, lightweight",sr_lochc_ttrv_tie_tartan,26.00,https://static.clan.com/media/catalog/product/cache/5/image/9df78eab33525d08d6e5fb8d27136e95/l/o/lochc-sr_lochc_ttrv_tie_tartan_1.jpg,https://clan.com/classic-tartan-tie-lightweight,"Vibrant, tasteful and excellently made. A tie in your own tartan is a superbly thoughtful gift and must-have for every wardrobe!","[12, 18, 100, 108, 130, 238, 267, 308, 319]",2025-09-17 15:34:53.760161,f
716,Bella the Teddy Bear,sr_ronnh_bella_bear,48.00,https://static.clan.com/media/catalog/product/cache/5/image/9df78eab33525d08d6e5fb8d27136e95/b/e/bella-bear.jpg,https://clan.com/bella-the-teddy-bear,"The sweet, soft little bear is the perfect gift. Choose her dress in the tartan of your choice for an extra special, personalised gift.","[12, 18, 20, 37, 86, 87, 240, 242, 259, 261, 265, 267, 292, 300, 305, 308, 309, 312, 326]",2025-09-17 15:34:53.760161,f
723,Luxury Wool Tartan Cummerbund,sr_ronnh_cmt_cummerbund,42.00,https://static.clan.com/media/catalog/product/cache/5/image/9df78eab33525d08d6e5fb8d27136e95/r/o/ronnh-sr_ronnh_cmt_cummerbund_1.jpg,https://clan.com/luxury-wool-tartan-cummerbund,This special weave tartan cummerbund is ideal for formal occasions.,"[12, 100, 111, 267, 300, 305, 308]",2025-09-17 15:34:53.760161,f
731,Luxury Wool Tartan Cummerbund & Bow Tie Set,sr_ronnh_cummerbund_bowtie_set_tartan_strap,67.00,https://static.clan.com/media/catalog/product/cache/5/image/9df78eab33525d08d6e5fb8d27136e95/r/o/ronnh-sr_ronnh_cummerbund_bowtie_set_tartan_strap_1.jpg,https://clan.com/luxury-wool-tartan-cummerbund-bow-tie-set,For instant formality and prestige you can't go wrong with this cummerbund and bow tie set - its all you'll ever need for formal events.,"[12, 18, 34, 38, 100, 108, 111, 129, 267, 300, 305, 308]",2025-09-17 15:34:53.760161,f
746,Gent's Luxury Tartan Waistcoat,sr_ronnh_tartanwaistcoat,199.00,https://static.clan.com/media/catalog/product/cache/5/image/9df78eab33525d08d6e5fb8d27136e95/r/o/ronnh-sr_ronnh_tartanwaistcoat_1.jpg,https://clan.com/gent-s-luxury-tartan-waistcoat,"This fabulous waistcoat can be supplied in any fabric. With a satin back it will look great however, whenever, wherever you wear it","[12, 100, 107, 267, 308]",2025-09-17 15:34:53.760161,f
765,Comfort Ghillie Brogues,sr_strut_comfort,106.00,https://static.clan.com/media/catalog/product/cache/5/image/9df78eab33525d08d6e5fb8d27136e95/s/t/strut-sr_strut_comfort_1.jpg,https://clan.com/comfort-ghillie-brogues,An extremely comfortable shoe combining soft and smooth calf leather uppers with a super flexible sole,"[12, 18, 21, 100, 112, 120, 186, 202, 203, 267]",2025-09-17 15:34:53.760161,f
675,Premium Tartan Cushion Covers (Set of 2),sr_pmgev_square_cushion_covers_2,62.00,https://static.clan.com/media/catalog/product/cache/5/image/9df78eab33525d08d6e5fb8d27136e95/p/m/pmgev-sr_pmgev_square_cushion_covers_2_1.jpg,https://clan.com/tartan-cushion-covers-set-of-2,"Add a touch of tartan to your home, with these stylish tartan cushion covers.","[12, 18, 37, 82, 159, 247, 267, 300, 305, 308, 309, 325]",2025-09-17 15:34:53.760161,f
771,Tweed 8 Yard Kilt,sr_swhdr_8_yard_tweed,445.00,https://static.clan.com/media/catalog/product/cache/5/image/9df78eab33525d08d6e5fb8d27136e95/s/c/scotweb----8_4.jpg,https://clan.com/tweed-8-yard-kilt,"This fully formal, impressive 8 yard kilt is available in a wide range of sophisticated tweeds.","[12, 18, 21, 22, 222, 267, 296, 300, 305, 308, 319]",2025-09-17 15:34:53.760161,f
804,High‑Waisted Tartan Trews,sr_swhdr_high_waist_argyll_trews,225.00,https://static.clan.com/media/catalog/product/cache/5/image/9df78eab33525d08d6e5fb8d27136e95/s/w/swhdr-sr_swhdr_high_waist_trews_1.jpg,https://clan.com/high-waisted-tartan-trews,These high-waisted tartan trews are tailored in Scotland to the highest standards and can be teamed with an evening shirt and jacket for a impressive formal look.  Available in a huge range of tartans.,"[12, 21, 35, 100, 102, 174, 259, 263, 264, 267, 300, 305, 308]",2025-09-17 15:34:53.760161,f
806,"Hostess Skirt, tartan",sr_swhdr_hostess,219.00,https://static.clan.com/media/catalog/product/cache/5/image/9df78eab33525d08d6e5fb8d27136e95/s/w/swhdr-sr_swhdr_hostess_2.jpg,https://clan.com/hostess-skirt-tartan,"Made in Scotland. This gorgeous full length kilted skirt is the ultimate in Scottish tailoring and classic glamour, perfect for any formal event. ","[12, 16, 21, 36, 64, 214, 259, 262, 267, 300, 305, 308, 318]",2025-09-17 15:34:53.760161,f
4360,Thistle Charm ‑ C168,sr_ortak_C168,27.00,https://static.clan.com/media/catalog/product/cache/5/image/9df78eab33525d08d6e5fb8d27136e95/o/r/ortak-sr_ortak_C168_1.jpg,https://clan.com/thistle-charm-c168,"<p>A traditional charm incorporating the symbol of Scotland the Scottish Thistle, crafted in Sterling Silver.</p>","[12, 19, 96, 267, 308]",2025-09-17 15:34:53.760161,f
5936,Clan Crest Rectangular Fridge Magnet,sr_keytc_fridgemagnet_rectangular,3.00,https://static.clan.com/media/catalog/product/cache/5/image/9df78eab33525d08d6e5fb8d27136e95/i/m/img_2506.jpeg,https://clan.com/clan-crest-fridge-magnet,<p>Display your pride in your Clan heritage with this boldly colourful magnet. A versatile accessory or a great gift for your family members.</p>,"[12, 18, 37, 39, 98, 247, 267, 309, 325]",2025-09-17 15:34:53.760161,f
5980,Forrester Wooly Pully Sweater,sr_oknit_forrester_14135,101.00,https://static.clan.com/media/catalog/product/cache/5/image/9df78eab33525d08d6e5fb8d27136e95/o/l/olive_cover.jpg,https://clan.com/olive-green-forrester-sweater,<p>A classic WWII style sweater with Harris Tweed shoulder patches.</p>,"[12, 18, 100, 103, 227, 238, 267, 295, 300, 302, 308, 309, 310, 336, 346]",2025-09-17 15:34:53.760161,f
7160,Girl's Kilt,sr_swhdr_girlskilt,97.00,https://static.clan.com/media/catalog/product/cache/5/image/9df78eab33525d08d6e5fb8d27136e95/g/i/girls_kilt_2.jpg,https://clan.com/girl-s-kilt,"A great addition to any girls wardrobe, this kilt can be dressed up for a special occasion or dressed down for a country walk.","[12, 18, 20, 49, 240, 267, 300, 305, 308]",2025-09-17 15:34:53.760161,f
